name,split,P1_method,P15_method,P1_err_mm,P1_err_axis_mm,P15_err_mm,P15_err_axis_mm,length_pred_mm,length_ref_mm,length_err_mm
20_F_0004G,cv,coarse,coarse,1.2579,1.1830,1.2421,-1.2174,45.5089,43.1000,2.4089
20_F_0004G,cv,coarse,fine,1.2579,1.1830,0.3390,-0.2551,44.5492,43.1000,1.4492
20_F_0004G,cv,coarse,atlas,1.2579,1.1830,1.6989,-0.7741,45.0990,43.1000,1.9990
20_F_0004G,cv,coarse,coarse+atlas,1.2579,1.1830,1.2134,-0.9957,45.2976,43.1000,2.1976
20_F_0004G,cv,coarse,mean3,1.2579,1.1830,0.9203,-0.7489,45.0476,43.1000,1.9476
20_F_0004G,cv,coarse,fine+atlas,1.2579,1.1830,1.0031,-0.5146,44.8201,43.1000,1.7201
20_F_0004G,cv,fine,coarse,1.6477,1.4435,1.2421,-1.2174,45.7736,43.1000,2.6736
20_F_0004G,cv,fine,fine,1.6477,1.4435,0.3390,-0.2551,44.8167,43.1000,1.7167
20_F_0004G,cv,fine,atlas,1.6477,1.4435,1.6989,-0.7741,45.3775,43.1000,2.2775
20_F_0004G,cv,fine,coarse+atlas,1.6477,1.4435,1.2134,-0.9957,45.5692,43.1000,2.4692
20_F_0004G,cv,fine,mean3,1.6477,1.4435,0.9203,-0.7489,45.3179,43.1000,2.2179
20_F_0004G,cv,fine,fine+atlas,1.6477,1.4435,1.0031,-0.5146,45.0932,43.1000,1.9932
20_F_0004G,cv,atlas,coarse,1.6483,0.6569,1.2421,-1.2174,44.9930,43.1000,1.8930
20_F_0004G,cv,atlas,fine,1.6483,0.6569,0.3390,-0.2551,44.0253,43.1000,0.9253
20_F_0004G,cv,atlas,atlas,1.6483,0.6569,1.6989,-0.7741,44.5419,43.1000,1.4419
20_F_0004G,cv,atlas,coarse+atlas,1.6483,0.6569,1.2134,-0.9957,44.7611,43.1000,1.6611
20_F_0004G,cv,atlas,mean3,1.6483,0.6569,0.9203,-0.7489,44.5153,43.1000,1.4153
20_F_0004G,cv,atlas,fine+atlas,1.6483,0.6569,1.0031,-0.5146,44.2795,43.1000,1.1795
20_F_0004G,cv,apex,coarse,2.3656,0.2692,1.2421,-1.2174,44.5946,43.1000,1.4946
20_F_0004G,cv,apex,fine,2.3656,0.2692,0.3390,-0.2551,43.6326,43.1000,0.5326
20_F_0004G,cv,apex,atlas,2.3656,0.2692,1.6989,-0.7741,44.1734,43.1000,1.0734
20_F_0004G,cv,apex,coarse+atlas,2.3656,0.2692,1.2134,-0.9957,44.3775,43.1000,1.2775
20_F_0004G,cv,apex,mean3,2.3656,0.2692,0.9203,-0.7489,44.1287,43.1000,1.0287
20_F_0004G,cv,apex,fine+atlas,2.3656,0.2692,1.0031,-0.5146,43.8988,43.1000,0.7988
20_F_0004G,cv,apex+atlas,coarse,1.8969,0.4631,1.2421,-1.2174,44.7917,43.1000,1.6917
20_F_0004G,cv,apex+atlas,fine,1.8969,0.4631,0.3390,-0.2551,43.8268,43.1000,0.7268
20_F_0004G,cv,apex+atlas,atlas,1.8969,0.4631,1.6989,-0.7741,44.3554,43.1000,1.2554
20_F_0004G,cv,apex+atlas,coarse+atlas,1.8969,0.4631,1.2134,-0.9957,44.5671,43.1000,1.4671
20_F_0004G,cv,apex+atlas,mean3,1.8969,0.4631,0.9203,-0.7489,44.3198,43.1000,1.2198
20_F_0004G,cv,apex+atlas,fine+atlas,1.8969,0.4631,1.0031,-0.5146,44.0869,43.1000,0.9869
20_F_0004G,cv,mean4,coarse,1.3651,0.8882,1.2421,-1.2174,45.2135,43.1000,2.1135
20_F_0004G,cv,mean4,fine,1.3651,0.8882,0.3390,-0.2551,44.2518,43.1000,1.1518
20_F_0004G,cv,mean4,atlas,1.3651,0.8882,1.6989,-0.7741,44.7940,43.1000,1.6940
20_F_0004G,cv,mean4,coarse+atlas,1.3651,0.8882,1.2134,-0.9957,44.9973,43.1000,1.8973
20_F_0004G,cv,mean4,mean3,1.3651,0.8882,0.9203,-0.7489,44.7483,43.1000,1.6483
20_F_0004G,cv,mean4,fine+atlas,1.3651,0.8882,1.0031,-0.5146,44.5188,43.1000,1.4188
20_F_0097G,cv,coarse,coarse,2.9027,-0.9570,7.8886,6.2830,46.9371,53.8000,-6.8629
20_F_0097G,cv,coarse,fine,2.9027,-0.9570,8.7559,6.2825,47.1252,53.8000,-6.6748
20_F_0097G,cv,coarse,atlas,2.9027,-0.9570,3.8949,3.6977,49.1839,53.8000,-4.6161
20_F_0097G,cv,coarse,coarse+atlas,2.9027,-0.9570,5.7551,4.9904,48.0168,53.8000,-5.7832
20_F_0097G,cv,coarse,mean3,2.9027,-0.9570,6.6981,5.4211,47.6926,53.8000,-6.1074
20_F_0097G,cv,coarse,fine+atlas,2.9027,-0.9570,6.1102,4.9901,48.0774,53.8000,-5.7226
20_F_0097G,cv,fine,coarse,3.1324,-1.2564,7.8886,6.2830,46.6115,53.8000,-7.1885
20_F_0097G,cv,fine,fine,3.1324,-1.2564,8.7559,6.2825,46.7945,53.8000,-7.0055
20_F_0097G,cv,fine,atlas,3.1324,-1.2564,3.8949,3.6977,48.8756,53.8000,-4.9244
20_F_0097G,cv,fine,coarse+atlas,3.1324,-1.2564,5.7551,4.9904,47.6998,53.8000,-6.1002
20_F_0097G,cv,fine,mean3,3.1324,-1.2564,6.6981,5.4211,47.3709,53.8000,-6.4291
20_F_0097G,cv,fine,fine+atlas,3.1324,-1.2564,6.1102,4.9901,47.7576,53.8000,-6.0424
20_F_0097G,cv,atlas,coarse,1.9158,-1.3165,7.8886,6.2830,46.5682,53.8000,-7.2318
20_F_0097G,cv,atlas,fine,1.9158,-1.3165,8.7559,6.2825,46.7551,53.8000,-7.0449
20_F_0097G,cv,atlas,atlas,1.9158,-1.3165,3.8949,3.6977,48.8207,53.8000,-4.9793
20_F_0097G,cv,atlas,coarse+atlas,1.9158,-1.3165,5.7551,4.9904,47.6505,53.8000,-6.1495
20_F_0097G,cv,atlas,mean3,1.9158,-1.3165,6.6981,5.4211,47.3248,53.8000,-6.4752
20_F_0097G,cv,atlas,fine+atlas,1.9158,-1.3165,6.1102,4.9901,47.7102,53.8000,-6.0898
20_F_0097G,cv,apex,coarse,2.3526,-1.3658,7.8886,6.2830,46.6235,53.8000,-7.1765
20_F_0097G,cv,apex,fine,2.3526,-1.3658,8.7559,6.2825,46.8320,53.8000,-6.9680
20_F_0097G,cv,apex,atlas,2.3526,-1.3658,3.8949,3.6977,48.8091,53.8000,-4.9909
20_F_0097G,cv,apex,coarse+atlas,2.3526,-1.3658,5.7551,4.9904,47.6716,53.8000,-6.1284
20_F_0097G,cv,apex,mean3,2.3526,-1.3658,6.6981,5.4211,47.3643,53.8000,-6.4357
20_F_0097G,cv,apex,fine+atlas,2.3526,-1.3658,6.1102,4.9901,47.7420,53.8000,-6.0580
20_F_0097G,cv,apex+atlas,coarse,2.0931,-1.3412,7.8886,6.2830,46.5943,53.8000,-7.2057
20_F_0097G,cv,apex+atlas,fine,2.0931,-1.3412,8.7559,6.2825,46.7920,53.8000,-7.0080
20_F_0097G,cv,apex+atlas,atlas,2.0931,-1.3412,3.8949,3.6977,48.8134,53.8000,-4.9866
20_F_0097G,cv,apex+atlas,coarse+atlas,2.0931,-1.3412,5.7551,4.9904,47.6594,53.8000,-6.1406
20_F_0097G,cv,apex+atlas,mean3,2.0931,-1.3412,6.6981,5.4211,47.3430,53.8000,-6.4570
20_F_0097G,cv,apex+atlas,fine+atlas,2.0931,-1.3412,6.1102,4.9901,47.7245,53.8000,-6.0755
20_F_0097G,cv,mean4,coarse,2.3782,-1.2239,7.8886,6.2830,46.6837,53.8000,-7.1163
20_F_0097G,cv,mean4,fine,2.3782,-1.2239,8.7559,6.2825,46.8754,53.8000,-6.9246
20_F_0097G,cv,mean4,atlas,2.3782,-1.2239,3.8949,3.6977,48.9211,53.8000,-4.8789
20_F_0097G,cv,mean4,coarse+atlas,2.3782,-1.2239,5.7551,4.9904,47.7583,53.8000,-6.0417
20_F_0097G,cv,mean4,mean3,2.3782,-1.2239,6.6981,5.4211,47.4368,53.8000,-6.3632
20_F_0097G,cv,mean4,fine+atlas,2.3782,-1.2239,6.1102,4.9901,47.8205,53.8000,-5.9795
20_F_2633G,cv,coarse,coarse,1.4399,0.8942,1.0023,-0.2720,47.8899,46.7000,1.1899
20_F_2633G,cv,coarse,fine,1.4399,0.8942,1.0818,0.4676,47.1504,46.7000,0.4504
20_F_2633G,cv,coarse,atlas,1.4399,0.8942,1.8191,0.8508,46.7891,46.7000,0.0891
20_F_2633G,cv,coarse,coarse+atlas,1.4399,0.8942,1.0564,0.2894,47.3317,46.7000,0.6317
20_F_2633G,cv,coarse,mean3,1.4399,0.8942,1.0477,0.3488,47.2710,46.7000,0.5710
20_F_2633G,cv,coarse,fine+atlas,1.4399,0.8942,1.3554,0.6592,46.9658,46.7000,0.2658
20_F_2633G,cv,fine,coarse,1.5234,0.9895,1.0023,-0.2720,47.9845,46.7000,1.2845
20_F_2633G,cv,fine,fine,1.5234,0.9895,1.0818,0.4676,47.2480,46.7000,0.5480
20_F_2633G,cv,fine,atlas,1.5234,0.9895,1.8191,0.8508,46.8943,46.7000,0.1943
20_F_2633G,cv,fine,coarse+atlas,1.5234,0.9895,1.0564,0.2894,47.4316,46.7000,0.7316
20_F_2633G,cv,fine,mean3,1.5234,0.9895,1.0477,0.3488,47.3701,46.7000,0.6701
20_F_2633G,cv,fine,fine+atlas,1.5234,0.9895,1.3554,0.6592,47.0672,46.7000,0.3672
20_F_2633G,cv,atlas,coarse,0.6784,0.2453,1.0023,-0.2720,47.2424,46.7000,0.5424
20_F_2633G,cv,atlas,fine,0.6784,0.2453,1.0818,0.4676,46.5008,46.7000,-0.1992
20_F_2633G,cv,atlas,atlas,0.6784,0.2453,1.8191,0.8508,46.1348,46.7000,-0.5652
20_F_2633G,cv,atlas,coarse+atlas,0.6784,0.2453,1.0564,0.2894,46.6808,46.7000,-0.0192
20_F_2633G,cv,atlas,mean3,0.6784,0.2453,1.0477,0.3488,46.6205,46.7000,-0.0795
20_F_2633G,cv,atlas,fine+atlas,0.6784,0.2453,1.3554,0.6592,46.3139,46.7000,-0.3861
20_F_2633G,cv,apex,coarse,1.2882,0.5476,1.0023,-0.2720,47.5461,46.7000,0.8461
20_F_2633G,cv,apex,fine,1.2882,0.5476,1.0818,0.4676,46.8153,46.7000,0.1153
20_F_2633G,cv,apex,atlas,1.2882,0.5476,1.8191,0.8508,46.4756,46.7000,-0.2244
20_F_2633G,cv,apex,coarse+atlas,1.2882,0.5476,1.0564,0.2894,47.0028,46.7000,0.3028
20_F_2633G,cv,apex,mean3,1.2882,0.5476,1.0477,0.3488,46.9400,46.7000,0.2400
20_F_2633G,cv,apex,fine+atlas,1.2882,0.5476,1.3554,0.6592,46.6414,46.7000,-0.0586
20_F_2633G,cv,apex+atlas,coarse,0.8821,0.3965,1.0023,-0.2720,47.3915,46.7000,0.6915
20_F_2633G,cv,apex+atlas,fine,0.8821,0.3965,1.0818,0.4676,46.6553,46.7000,-0.0447
20_F_2633G,cv,apex+atlas,atlas,0.8821,0.3965,1.8191,0.8508,46.3025,46.7000,-0.3975
20_F_2633G,cv,apex+atlas,coarse+atlas,0.8821,0.3965,1.0564,0.2894,46.8391,46.7000,0.1391
20_F_2633G,cv,apex+atlas,mean3,0.8821,0.3965,1.0477,0.3488,46.7775,46.7000,0.0775
20_F_2633G,cv,apex+atlas,fine+atlas,0.8821,0.3965,1.3554,0.6592,46.4749,46.7000,-0.2251
20_F_2633G,cv,mean4,coarse,1.1607,0.6692,1.0023,-0.2720,47.6642,46.7000,0.9642
20_F_2633G,cv,mean4,fine,1.1607,0.6692,1.0818,0.4676,46.9271,46.7000,0.2271
20_F_2633G,cv,mean4,atlas,1.1607,0.6692,1.8191,0.8508,46.5719,46.7000,-0.1281
20_F_2633G,cv,mean4,coarse+atlas,1.1607,0.6692,1.0564,0.2894,47.1102,46.7000,0.4102
20_F_2633G,cv,mean4,mean3,1.1607,0.6692,1.0477,0.3488,47.0488,46.7000,0.3488
20_F_2633G,cv,mean4,fine+atlas,1.1607,0.6692,1.3554,0.6592,46.7455,46.7000,0.0455
20_F_2634G,cv,coarse,coarse,3.7562,-0.4576,1.7331,0.1792,49.5814,50.2000,-0.6186
20_F_2634G,cv,coarse,fine,3.7562,-0.4576,1.6614,-0.0878,49.8481,50.2000,-0.3519
20_F_2634G,cv,coarse,atlas,3.7562,-0.4576,1.3988,-1.1768,50.9750,50.2000,0.7750
20_F_2634G,cv,coarse,coarse+atlas,3.7562,-0.4576,0.7996,-0.4988,50.2657,50.2000,0.0657
20_F_2634G,cv,coarse,mean3,3.7562,-0.4576,1.0177,-0.3618,50.1240,50.2000,-0.0760
20_F_2634G,cv,coarse,fine+atlas,3.7562,-0.4576,0.8708,-0.6323,50.3997,50.2000,0.1997
20_F_2634G,cv,fine,coarse,3.7077,-0.1732,1.7331,0.1792,49.8655,50.2000,-0.3345
20_F_2634G,cv,fine,fine,3.7077,-0.1732,1.6614,-0.0878,50.1323,50.2000,-0.0677
20_F_2634G,cv,fine,atlas,3.7077,-0.1732,1.3988,-1.1768,51.2608,50.2000,1.0608
20_F_2634G,cv,fine,coarse+atlas,3.7077,-0.1732,0.7996,-0.4988,50.5507,50.2000,0.3507
20_F_2634G,cv,fine,mean3,3.7077,-0.1732,1.0177,-0.3618,50.4088,50.2000,0.2088
20_F_2634G,cv,fine,fine+atlas,3.7077,-0.1732,0.8708,-0.6323,50.6848,50.2000,0.4848
20_F_2634G,cv,atlas,coarse,2.1025,-0.0867,1.7331,0.1792,49.9748,50.2000,-0.2252
20_F_2634G,cv,atlas,fine,2.1025,-0.0867,1.6614,-0.0878,50.2399,50.2000,0.0399
20_F_2634G,cv,atlas,atlas,2.1025,-0.0867,1.3988,-1.1768,51.3129,50.2000,1.1129
20_F_2634G,cv,atlas,coarse+atlas,2.1025,-0.0867,0.7996,-0.4988,50.6311,50.2000,0.4311
20_F_2634G,cv,atlas,mean3,2.1025,-0.0867,1.0177,-0.3618,50.4981,50.2000,0.2981
20_F_2634G,cv,atlas,fine+atlas,2.1025,-0.0867,0.8708,-0.6323,50.7643,50.2000,0.5643
20_F_2634G,cv,apex,coarse,1.2564,0.1042,1.7331,0.1792,50.1641,50.2000,-0.0359
20_F_2634G,cv,apex,fine,1.2564,0.1042,1.6614,-0.0878,50.4292,50.2000,0.2292
20_F_2634G,cv,apex,atlas,1.2564,0.1042,1.3988,-1.1768,51.5045,50.2000,1.3045
20_F_2634G,cv,apex,coarse+atlas,1.2564,0.1042,0.7996,-0.4988,50.8216,50.2000,0.6216
20_F_2634G,cv,apex,mean3,1.2564,0.1042,1.0177,-0.3618,50.6883,50.2000,0.4883
20_F_2634G,cv,apex,fine+atlas,1.2564,0.1042,0.8708,-0.6323,50.9549,50.2000,0.7549
20_F_2634G,cv,apex+atlas,coarse,1.6742,0.0088,1.7331,0.1792,50.0695,50.2000,-0.1305
20_F_2634G,cv,apex+atlas,fine,1.6742,0.0088,1.6614,-0.0878,50.3345,50.2000,0.1345
20_F_2634G,cv,apex+atlas,atlas,1.6742,0.0088,1.3988,-1.1768,51.4087,50.2000,1.2087
20_F_2634G,cv,apex+atlas,coarse+atlas,1.6742,0.0088,0.7996,-0.4988,50.7263,50.2000,0.5263
20_F_2634G,cv,apex+atlas,mean3,1.6742,0.0088,1.0177,-0.3618,50.5932,50.2000,0.3932
20_F_2634G,cv,apex+atlas,fine+atlas,1.6742,0.0088,0.8708,-0.6323,50.8596,50.2000,0.6596
20_F_2634G,cv,mean4,coarse,2.6783,-0.1533,1.7331,0.1792,49.8927,50.2000,-0.3073
20_F_2634G,cv,mean4,fine,2.6783,-0.1533,1.6614,-0.0878,50.1586,50.2000,-0.0414
20_F_2634G,cv,mean4,atlas,2.6783,-0.1533,1.3988,-1.1768,51.2595,50.2000,1.0595
20_F_2634G,cv,mean4,coarse+atlas,2.6783,-0.1533,0.7996,-0.4988,50.5635,50.2000,0.3635
20_F_2634G,cv,mean4,mean3,2.6783,-0.1533,1.0177,-0.3618,50.4260,50.2000,0.2260
20_F_2634G,cv,mean4,fine+atlas,2.6783,-0.1533,0.8708,-0.6323,50.6972,50.2000,0.4972
20_F_2636G,cv,coarse,coarse,1.9518,-1.1603,2.7313,-1.6755,47.0044,46.4000,0.6044
20_F_2636G,cv,coarse,fine,1.9518,-1.1603,3.0597,-1.6790,47.0299,46.4000,0.6299
20_F_2636G,cv,coarse,atlas,1.9518,-1.1603,0.8022,-0.2846,45.5620,46.4000,-0.8380
20_F_2636G,cv,coarse,coarse+atlas,1.9518,-1.1603,1.7530,-0.9800,46.2784,46.4000,-0.1216
20_F_2636G,cv,coarse,mean3,1.9518,-1.1603,2.1885,-1.2130,46.5262,46.4000,0.1262
20_F_2636G,cv,coarse,fine+atlas,1.9518,-1.1603,1.9233,-0.9818,46.2879,46.4000,-0.1121
20_F_2636G,cv,fine,coarse,1.9675,-1.0599,2.7313,-1.6755,47.1125,46.4000,0.7125
20_F_2636G,cv,fine,fine,1.9675,-1.0599,3.0597,-1.6790,47.1392,46.4000,0.7392
20_F_2636G,cv,fine,atlas,1.9675,-1.0599,0.8022,-0.2846,45.6661,46.4000,-0.7339
20_F_2636G,cv,fine,coarse+atlas,1.9675,-1.0599,1.7530,-0.9800,46.3845,46.4000,-0.0155
20_F_2636G,cv,fine,mean3,1.9675,-1.0599,2.1885,-1.2130,46.6335,46.4000,0.2335
20_F_2636G,cv,fine,fine+atlas,1.9675,-1.0599,1.9233,-0.9818,46.3947,46.4000,-0.0053
20_F_2636G,cv,atlas,coarse,1.3771,-0.9097,2.7313,-1.6755,47.2395,46.4000,0.8395
20_F_2636G,cv,atlas,fine,1.3771,-0.9097,3.0597,-1.6790,47.2623,46.4000,0.8623
20_F_2636G,cv,atlas,atlas,1.3771,-0.9097,0.8022,-0.2846,45.8065,46.4000,-0.5935
20_F_2636G,cv,atlas,coarse+atlas,1.3771,-0.9097,1.7530,-0.9800,46.5181,46.4000,0.1181
20_F_2636G,cv,atlas,mean3,1.3771,-0.9097,2.1885,-1.2130,46.7635,46.4000,0.3635
20_F_2636G,cv,atlas,fine+atlas,1.3771,-0.9097,1.9233,-0.9818,46.5263,46.4000,0.1263
20_F_2636G,cv,apex,coarse,2.4561,0.0465,2.7313,-1.6755,48.1816,46.4000,1.7816
20_F_2636G,cv,apex,fine,2.4561,0.0465,3.0597,-1.6790,48.2014,46.4000,1.8014
20_F_2636G,cv,apex,atlas,2.4561,0.0465,0.8022,-0.2846,46.7586,46.4000,0.3586
20_F_2636G,cv,apex,coarse+atlas,2.4561,0.0465,1.7530,-0.9800,47.4652,46.4000,1.0652
20_F_2636G,cv,apex,mean3,2.4561,0.0465,2.1885,-1.2130,47.7080,46.4000,1.3080
20_F_2636G,cv,apex,fine+atlas,2.4561,0.0465,1.9233,-0.9818,47.4720,46.4000,1.0720
20_F_2636G,cv,apex+atlas,coarse,1.7943,-0.4316,2.7313,-1.6755,47.7102,46.4000,1.3102
20_F_2636G,cv,apex+atlas,fine,1.7943,-0.4316,3.0597,-1.6790,47.7315,46.4000,1.3315
20_F_2636G,cv,apex+atlas,atlas,1.7943,-0.4316,0.8022,-0.2846,46.2822,46.4000,-0.1178
20_F_2636G,cv,apex+atlas,coarse+atlas,1.7943,-0.4316,1.7530,-0.9800,46.9913,46.4000,0.5913
20_F_2636G,cv,apex+atlas,mean3,1.7943,-0.4316,2.1885,-1.2130,47.2354,46.4000,0.8354
20_F_2636G,cv,apex+atlas,fine+atlas,1.7943,-0.4316,1.9233,-0.9818,46.9988,46.4000,0.5988
20_F_2636G,cv,mean4,coarse,1.8244,-0.7709,2.7313,-1.6755,47.3834,46.4000,0.9834
20_F_2636G,cv,mean4,fine,1.8244,-0.7709,3.0597,-1.6790,47.4071,46.4000,1.0071
20_F_2636G,cv,mean4,atlas,1.8244,-0.7709,0.8022,-0.2846,45.9472,46.4000,-0.4528
20_F_2636G,cv,mean4,coarse+atlas,1.8244,-0.7709,1.7530,-0.9800,46.6605,46.4000,0.2605
20_F_2636G,cv,mean4,mean3,1.8244,-0.7709,2.1885,-1.2130,46.9067,46.4000,0.5067
20_F_2636G,cv,mean4,fine+atlas,1.8244,-0.7709,1.9233,-0.9818,46.6692,46.4000,0.2692
20_F_2637G,cv,coarse,coarse,1.9105,0.6046,2.8509,2.8084,47.8220,50.0000,-2.1780
20_F_2637G,cv,coarse,fine,1.9105,0.6046,1.5563,1.3801,49.2768,50.0000,-0.7232
20_F_2637G,cv,coarse,atlas,1.9105,0.6046,1.0952,1.0285,49.5958,50.0000,-0.4042
20_F_2637G,cv,coarse,coarse+atlas,1.9105,0.6046,1.9579,1.9185,48.7088,50.0000,-1.2912
20_F_2637G,cv,coarse,mean3,1.9105,0.6046,1.7718,1.7390,48.8966,50.0000,-1.1034
20_F_2637G,cv,coarse,fine+atlas,1.9105,0.6046,1.2407,1.2043,49.4341,50.0000,-0.5659
20_F_2637G,cv,fine,coarse,2.0072,0.6734,2.8509,2.8084,47.8963,50.0000,-2.1037
20_F_2637G,cv,fine,fine,2.0072,0.6734,1.5563,1.3801,49.3536,50.0000,-0.6464
20_F_2637G,cv,fine,atlas,2.0072,0.6734,1.0952,1.0285,49.6693,50.0000,-0.3307
20_F_2637G,cv,fine,coarse+atlas,2.0072,0.6734,1.9579,1.9185,48.7827,50.0000,-1.2173
20_F_2637G,cv,fine,mean3,2.0072,0.6734,1.7718,1.7390,48.9715,50.0000,-1.0285
20_F_2637G,cv,fine,fine+atlas,2.0072,0.6734,1.2407,1.2043,49.5092,50.0000,-0.4908
20_F_2637G,cv,atlas,coarse,2.7508,0.5674,2.8509,2.8084,47.7821,50.0000,-2.2179
20_F_2637G,cv,atlas,fine,2.7508,0.5674,1.5563,1.3801,49.2357,50.0000,-0.7643
20_F_2637G,cv,atlas,atlas,2.7508,0.5674,1.0952,1.0285,49.5565,50.0000,-0.4435
20_F_2637G,cv,atlas,coarse+atlas,2.7508,0.5674,1.9579,1.9185,48.6692,50.0000,-1.3308
20_F_2637G,cv,atlas,mean3,2.7508,0.5674,1.7718,1.7390,48.8565,50.0000,-1.1435
20_F_2637G,cv,atlas,fine+atlas,2.7508,0.5674,1.2407,1.2043,49.3938,50.0000,-0.6062
20_F_2637G,cv,apex,coarse,3.6811,0.9207,2.8509,2.8084,48.1347,50.0000,-1.8653
20_F_2637G,cv,apex,fine,3.6811,0.9207,1.5563,1.3801,49.5877,50.0000,-0.4123
20_F_2637G,cv,apex,atlas,3.6811,0.9207,1.0952,1.0285,49.9091,50.0000,-0.0909
20_F_2637G,cv,apex,coarse+atlas,3.6811,0.9207,1.9579,1.9185,49.0218,50.0000,-0.9782
20_F_2637G,cv,apex,mean3,3.6811,0.9207,1.7718,1.7390,49.2089,50.0000,-0.7911
20_F_2637G,cv,apex,fine+atlas,3.6811,0.9207,1.2407,1.2043,49.7462,50.0000,-0.2538
20_F_2637G,cv,apex+atlas,coarse,3.2050,0.7441,2.8509,2.8084,47.9584,50.0000,-2.0416
20_F_2637G,cv,apex+atlas,fine,3.2050,0.7441,1.5563,1.3801,49.4117,50.0000,-0.5883
20_F_2637G,cv,apex+atlas,atlas,3.2050,0.7441,1.0952,1.0285,49.7328,50.0000,-0.2672
20_F_2637G,cv,apex+atlas,coarse+atlas,3.2050,0.7441,1.9579,1.9185,48.8455,50.0000,-1.1545
20_F_2637G,cv,apex+atlas,mean3,3.2050,0.7441,1.7718,1.7390,49.0327,50.0000,-0.9673
20_F_2637G,cv,apex+atlas,fine+atlas,3.2050,0.7441,1.2407,1.2043,49.5700,50.0000,-0.4300
20_F_2637G,cv,mean4,coarse,2.4592,0.6915,2.8509,2.8084,47.9086,50.0000,-2.0914
20_F_2637G,cv,mean4,fine,2.4592,0.6915,1.5563,1.3801,49.3633,50.0000,-0.6367
20_F_2637G,cv,mean4,atlas,2.4592,0.6915,1.0952,1.0285,49.6826,50.0000,-0.3174
20_F_2637G,cv,mean4,coarse+atlas,2.4592,0.6915,1.9579,1.9185,48.7955,50.0000,-1.2045
20_F_2637G,cv,mean4,mean3,2.4592,0.6915,1.7718,1.7390,48.9832,50.0000,-1.0168
20_F_2637G,cv,mean4,fine+atlas,2.4592,0.6915,1.2407,1.2043,49.5207,50.0000,-0.4793
20_M_1113G,cv,coarse,coarse,1.3704,0.9944,5.8990,5.2405,45.0270,49.2000,-4.1730
20_M_1113G,cv,coarse,fine,1.3704,0.9944,5.3473,4.9693,45.2743,49.2000,-3.9257
20_M_1113G,cv,coarse,atlas,1.3704,0.9944,5.0266,4.7527,45.4841,49.2000,-3.7159
20_M_1113G,cv,coarse,coarse+atlas,1.3704,0.9944,5.4474,4.9966,45.2522,49.2000,-3.9478
20_M_1113G,cv,coarse,mean3,1.3704,0.9944,5.4134,4.9875,45.2595,49.2000,-3.9405
20_M_1113G,cv,coarse,fine+atlas,1.3704,0.9944,5.1855,4.8610,45.3789,49.2000,-3.8211
20_M_1113G,cv,fine,coarse,1.8155,0.9922,5.8990,5.2405,45.0036,49.2000,-4.1964
20_M_1113G,cv,fine,fine,1.8155,0.9922,5.3473,4.9693,45.2616,49.2000,-3.9384
20_M_1113G,cv,fine,atlas,1.8155,0.9922,5.0266,4.7527,45.4763,49.2000,-3.7237
20_M_1113G,cv,fine,coarse+atlas,1.8155,0.9922,5.4474,4.9966,45.2366,49.2000,-3.9634
20_M_1113G,cv,fine,mean3,1.8155,0.9922,5.4134,4.9875,45.2448,49.2000,-3.9552
20_M_1113G,cv,fine,fine+atlas,1.8155,0.9922,5.1855,4.8610,45.3686,49.2000,-3.8314
20_M_1113G,cv,atlas,coarse,0.5321,0.3605,5.8990,5.2405,44.4261,49.2000,-4.7739
20_M_1113G,cv,atlas,fine,0.5321,0.3605,5.3473,4.9693,44.6615,49.2000,-4.5385
20_M_1113G,cv,atlas,atlas,0.5321,0.3605,5.0266,4.7527,44.8660,49.2000,-4.3340
20_M_1113G,cv,atlas,coarse+atlas,0.5321,0.3605,5.4474,4.9966,44.6426,49.2000,-4.5574
20_M_1113G,cv,atlas,mean3,0.5321,0.3605,5.4134,4.9875,44.6488,49.2000,-4.5512
20_M_1113G,cv,atlas,fine+atlas,0.5321,0.3605,5.1855,4.8610,44.7634,49.2000,-4.4366
20_M_1113G,cv,apex,coarse,0.4227,0.1574,5.8990,5.2405,44.2156,49.2000,-4.9844
20_M_1113G,cv,apex,fine,0.4227,0.1574,5.3473,4.9693,44.4532,49.2000,-4.7468
20_M_1113G,cv,apex,atlas,0.4227,0.1574,5.0266,4.7527,44.6588,49.2000,-4.5412
20_M_1113G,cv,apex,coarse+atlas,0.4227,0.1574,5.4474,4.9966,44.4337,49.2000,-4.7663
20_M_1113G,cv,apex,mean3,0.4227,0.1574,5.4134,4.9875,44.4401,49.2000,-4.7599
20_M_1113G,cv,apex,fine+atlas,0.4227,0.1574,5.1855,4.8610,44.5557,49.2000,-4.6443
20_M_1113G,cv,apex+atlas,coarse,0.3710,0.2589,5.8990,5.2405,44.3208,49.2000,-4.8792
20_M_1113G,cv,apex+atlas,fine,0.3710,0.2589,5.3473,4.9693,44.5573,49.2000,-4.6427
20_M_1113G,cv,apex+atlas,atlas,0.3710,0.2589,5.0266,4.7527,44.7624,49.2000,-4.4376
20_M_1113G,cv,apex+atlas,coarse+atlas,0.3710,0.2589,5.4474,4.9966,44.5381,49.2000,-4.6619
20_M_1113G,cv,apex+atlas,mean3,0.3710,0.2589,5.4134,4.9875,44.5444,49.2000,-4.6556
20_M_1113G,cv,apex+atlas,fine+atlas,0.3710,0.2589,5.1855,4.8610,44.6595,49.2000,-4.5405
20_M_1113G,cv,mean4,coarse,0.9719,0.6261,5.8990,5.2405,44.6649,49.2000,-4.5351
20_M_1113G,cv,mean4,fine,0.9719,0.6261,5.3473,4.9693,44.9096,49.2000,-4.2904
20_M_1113G,cv,mean4,atlas,0.9719,0.6261,5.0266,4.7527,45.1183,49.2000,-4.0817
20_M_1113G,cv,mean4,coarse+atlas,0.9719,0.6261,5.4474,4.9966,44.8882,49.2000,-4.3118
20_M_1113G,cv,mean4,mean3,0.9719,0.6261,5.4134,4.9875,44.8952,49.2000,-4.3048
20_M_1113G,cv,mean4,fine+atlas,0.9719,0.6261,5.1855,4.8610,45.0136,49.2000,-4.1864
20_M_1114G,cv,coarse,coarse,0.8859,0.1196,1.9053,1.7129,51.8879,53.5000,-1.6121
20_M_1114G,cv,coarse,fine,0.8859,0.1196,2.7129,2.4823,51.1189,53.5000,-2.3811
20_M_1114G,cv,coarse,atlas,0.8859,0.1196,2.1925,2.0639,51.5430,53.5000,-1.9570
20_M_1114G,cv,coarse,coarse+atlas,0.8859,0.1196,2.0124,1.8884,51.7141,53.5000,-1.7859
20_M_1114G,cv,coarse,mean3,0.8859,0.1196,2.2328,2.0864,51.5149,53.5000,-1.9851
20_M_1114G,cv,coarse,fine+atlas,0.8859,0.1196,2.4061,2.2731,51.3286,53.5000,-2.1714
20_M_1114G,cv,fine,coarse,1.1278,0.3762,1.9053,1.7129,52.1449,53.5000,-1.3551
20_M_1114G,cv,fine,fine,1.1278,0.3762,2.7129,2.4823,51.3752,53.5000,-2.1248
20_M_1114G,cv,fine,atlas,1.1278,0.3762,2.1925,2.0639,51.8020,53.5000,-1.6980
20_M_1114G,cv,fine,coarse+atlas,1.1278,0.3762,2.0124,1.8884,51.9721,53.5000,-1.5279
20_M_1114G,cv,fine,mean3,1.1278,0.3762,2.2328,2.0864,51.7723,53.5000,-1.7277
20_M_1114G,cv,fine,fine+atlas,1.1278,0.3762,2.4061,2.2731,51.5862,53.5000,-1.9138
20_M_1114G,cv,atlas,coarse,0.4087,0.1017,1.9053,1.7129,51.8702,53.5000,-1.6298
20_M_1114G,cv,atlas,fine,0.4087,0.1017,2.7129,2.4823,51.1021,53.5000,-2.3979
20_M_1114G,cv,atlas,atlas,0.4087,0.1017,2.1925,2.0639,51.5226,53.5000,-1.9774
20_M_1114G,cv,atlas,coarse+atlas,0.4087,0.1017,2.0124,1.8884,51.6951,53.5000,-1.8049
20_M_1114G,cv,atlas,mean3,0.4087,0.1017,2.2328,2.0864,51.4966,53.5000,-2.0034
20_M_1114G,cv,atlas,fine+atlas,0.4087,0.1017,2.4061,2.2731,51.3100,53.5000,-2.1900
20_M_1114G,cv,apex,coarse,0.7810,0.1722,1.9053,1.7129,51.9405,53.5000,-1.5595
20_M_1114G,cv,apex,fine,0.7810,0.1722,2.7129,2.4823,51.1721,53.5000,-2.3279
20_M_1114G,cv,apex,atlas,0.7810,0.1722,2.1925,2.0639,51.5939,53.5000,-1.9061
20_M_1114G,cv,apex,coarse+atlas,0.7810,0.1722,2.0124,1.8884,51.7659,53.5000,-1.7341
20_M_1114G,cv,apex,mean3,0.7810,0.1722,2.2328,2.0864,51.5671,53.5000,-1.9329
20_M_1114G,cv,apex,fine+atlas,0.7810,0.1722,2.4061,2.2731,51.3806,53.5000,-2.1194
20_M_1114G,cv,apex+atlas,coarse,0.5808,0.1369,1.9053,1.7129,51.9054,53.5000,-1.5946
20_M_1114G,cv,apex+atlas,fine,0.5808,0.1369,2.7129,2.4823,51.1371,53.5000,-2.3629
20_M_1114G,cv,apex+atlas,atlas,0.5808,0.1369,2.1925,2.0639,51.5582,53.5000,-1.9418
20_M_1114G,cv,apex+atlas,coarse+atlas,0.5808,0.1369,2.0124,1.8884,51.7305,53.5000,-1.7695
20_M_1114G,cv,apex+atlas,mean3,0.5808,0.1369,2.2328,2.0864,51.5318,53.5000,-1.9682
20_M_1114G,cv,apex+atlas,fine+atlas,0.5808,0.1369,2.4061,2.2731,51.3453,53.5000,-2.1547
20_M_1114G,cv,mean4,coarse,0.5463,0.1924,1.9053,1.7129,51.9607,53.5000,-1.5393
20_M_1114G,cv,mean4,fine,0.5463,0.1924,2.7129,2.4823,51.1919,53.5000,-2.3081
20_M_1114G,cv,mean4,atlas,0.5463,0.1924,2.1925,2.0639,51.6152,53.5000,-1.8848
20_M_1114G,cv,mean4,coarse+atlas,0.5463,0.1924,2.0124,1.8884,51.7866,53.5000,-1.7134
20_M_1114G,cv,mean4,mean3,0.5463,0.1924,2.2328,2.0864,51.5876,53.5000,-1.9124
20_M_1114G,cv,mean4,fine+atlas,0.5463,0.1924,2.4061,2.2731,51.4012,53.5000,-2.0988
20_M_1115G,cv,coarse,coarse,1.4609,0.3207,2.4927,1.7784,48.9059,50.4000,-1.4941
20_M_1115G,cv,coarse,fine,1.4609,0.3207,2.8911,2.1054,48.5743,50.4000,-1.8257
20_M_1115G,cv,coarse,atlas,1.4609,0.3207,2.6211,1.9041,48.7924,50.4000,-1.6076
20_M_1115G,cv,coarse,coarse+atlas,1.4609,0.3207,2.5406,1.8412,48.8483,50.4000,-1.5517
20_M_1115G,cv,coarse,mean3,1.4609,0.3207,2.5797,1.9293,48.7527,50.4000,-1.6473
20_M_1115G,cv,coarse,fine+atlas,1.4609,0.3207,2.6296,2.0047,48.6763,50.4000,-1.7237
20_M_1115G,cv,fine,coarse,1.5152,0.2892,2.4927,1.7784,48.8752,50.4000,-1.5248
20_M_1115G,cv,fine,fine,1.5152,0.2892,2.8911,2.1054,48.5426,50.4000,-1.8574
20_M_1115G,cv,fine,atlas,1.5152,0.2892,2.6211,1.9041,48.7624,50.4000,-1.6376
20_M_1115G,cv,fine,coarse+atlas,1.5152,0.2892,2.5406,1.8412,48.8180,50.4000,-1.5820
20_M_1115G,cv,fine,mean3,1.5152,0.2892,2.5797,1.9293,48.7219,50.4000,-1.6781
20_M_1115G,cv,fine,fine+atlas,1.5152,0.2892,2.6296,2.0047,48.6454,50.4000,-1.7546
20_M_1115G,cv,atlas,coarse,1.0135,0.5842,2.4927,1.7784,49.1674,50.4000,-1.2326
20_M_1115G,cv,atlas,fine,1.0135,0.5842,2.8911,2.1054,48.8391,50.4000,-1.5609
20_M_1115G,cv,atlas,atlas,1.0135,0.5842,2.6211,1.9041,49.0521,50.4000,-1.3479
20_M_1115G,cv,atlas,coarse+atlas,1.0135,0.5842,2.5406,1.8412,49.1089,50.4000,-1.2911
20_M_1115G,cv,atlas,mean3,1.0135,0.5842,2.5797,1.9293,49.0147,50.4000,-1.3853
20_M_1115G,cv,atlas,fine+atlas,1.0135,0.5842,2.6296,2.0047,48.9386,50.4000,-1.4614
20_M_1115G,cv,apex,coarse,1.8676,-0.0992,2.4927,1.7784,48.5014,50.4000,-1.8986
20_M_1115G,cv,apex,fine,1.8676,-0.0992,2.8911,2.1054,48.1546,50.4000,-2.2454
20_M_1115G,cv,apex,atlas,1.8676,-0.0992,2.6211,1.9041,48.3962,50.4000,-2.0038
20_M_1115G,cv,apex,coarse+atlas,1.8676,-0.0992,2.5406,1.8412,48.4479,50.4000,-1.9521
20_M_1115G,cv,apex,mean3,1.8676,-0.0992,2.5797,1.9293,48.3458,50.4000,-2.0542
20_M_1115G,cv,apex,fine+atlas,1.8676,-0.0992,2.6296,2.0047,48.2683,50.4000,-2.1317
20_M_1115G,cv,apex+atlas,coarse,1.3673,0.2425,2.4927,1.7784,48.8326,50.4000,-1.5674
20_M_1115G,cv,apex+atlas,fine,1.3673,0.2425,2.8911,2.1054,48.4951,50.4000,-1.9049
20_M_1115G,cv,apex+atlas,atlas,1.3673,0.2425,2.6211,1.9041,48.7223,50.4000,-1.6777
20_M_1115G,cv,apex+atlas,coarse+atlas,1.3673,0.2425,2.5406,1.8412,48.7766,50.4000,-1.6234
20_M_1115G,cv,apex+atlas,mean3,1.3673,0.2425,2.5797,1.9293,48.6785,50.4000,-1.7215
20_M_1115G,cv,apex+atlas,fine+atlas,1.3673,0.2425,2.6296,2.0047,48.6016,50.4000,-1.7984
20_M_1115G,cv,mean4,coarse,1.4131,0.2737,2.4927,1.7784,48.8614,50.4000,-1.5386
20_M_1115G,cv,mean4,fine,1.4131,0.2737,2.8911,2.1054,48.5266,50.4000,-1.8734
20_M_1115G,cv,mean4,atlas,1.4131,0.2737,2.6211,1.9041,48.7497,50.4000,-1.6503
20_M_1115G,cv,mean4,coarse+atlas,1.4131,0.2737,2.5406,1.8412,48.8047,50.4000,-1.5953
20_M_1115G,cv,mean4,mean3,1.4131,0.2737,2.5797,1.9293,48.7077,50.4000,-1.6923
20_M_1115G,cv,mean4,fine+atlas,1.4131,0.2737,2.6296,2.0047,48.6311,50.4000,-1.7689
20_M_1117G,cv,coarse,coarse,3.8692,0.8078,4.2255,-3.1034,52.3754,48.4000,3.9754
20_M_1117G,cv,coarse,fine,3.8692,0.8078,4.6047,-3.7247,52.9930,48.4000,4.5930
20_M_1117G,cv,coarse,atlas,3.8692,0.8078,2.2371,-1.7037,50.9608,48.4000,2.5608
20_M_1117G,cv,coarse,coarse+atlas,3.8692,0.8078,3.2303,-2.4036,51.6638,48.4000,3.2638
20_M_1117G,cv,coarse,mean3,3.8692,0.8078,3.6836,-2.8440,52.1063,48.4000,3.7063
20_M_1117G,cv,coarse,fine+atlas,3.8692,0.8078,3.4182,-2.7142,51.9736,48.4000,3.5736
20_M_1117G,cv,fine,coarse,4.4023,0.4080,4.2255,-3.1034,51.9752,48.4000,3.5752
20_M_1117G,cv,fine,fine,4.4023,0.4080,4.6047,-3.7247,52.5929,48.4000,4.1929
20_M_1117G,cv,fine,atlas,4.4023,0.4080,2.2371,-1.7037,50.5610,48.4000,2.1610
20_M_1117G,cv,fine,coarse+atlas,4.4023,0.4080,3.2303,-2.4036,51.2638,48.4000,2.8638
20_M_1117G,cv,fine,mean3,4.4023,0.4080,3.6836,-2.8440,51.7063,48.4000,3.3063
20_M_1117G,cv,fine,fine+atlas,4.4023,0.4080,3.4182,-2.7142,51.5736,48.4000,3.1736
20_M_1117G,cv,atlas,coarse,3.0570,0.5119,4.2255,-3.1034,52.0646,48.4000,3.6646
20_M_1117G,cv,atlas,fine,3.0570,0.5119,4.6047,-3.7247,52.6865,48.4000,4.2865
20_M_1117G,cv,atlas,atlas,3.0570,0.5119,2.2371,-1.7037,50.6861,48.4000,2.2861
20_M_1117G,cv,atlas,coarse+atlas,3.0570,0.5119,3.2303,-2.4036,51.3707,48.4000,2.9707
20_M_1117G,cv,atlas,mean3,3.0570,0.5119,3.6836,-2.8440,51.8087,48.4000,3.4087
20_M_1117G,cv,atlas,fine+atlas,3.0570,0.5119,3.4182,-2.7142,51.6827,48.4000,3.2827
20_M_1117G,cv,apex,coarse,3.4301,-0.4586,4.2255,-3.1034,51.0940,48.4000,2.6940
20_M_1117G,cv,apex,fine,3.4301,-0.4586,4.6047,-3.7247,51.7155,48.4000,3.3155
20_M_1117G,cv,apex,atlas,3.4301,-0.4586,2.2371,-1.7037,49.7119,48.4000,1.3119
20_M_1117G,cv,apex,coarse+atlas,3.4301,-0.4586,3.2303,-2.4036,50.3983,48.4000,1.9983
20_M_1117G,cv,apex,mean3,3.4301,-0.4586,3.6836,-2.8440,50.8367,48.4000,2.4367
20_M_1117G,cv,apex,fine+atlas,3.4301,-0.4586,3.4182,-2.7142,50.7100,48.4000,2.3100
20_M_1117G,cv,apex+atlas,coarse,3.1610,0.0267,4.2255,-3.1034,51.5792,48.4000,3.1792
20_M_1117G,cv,apex+atlas,fine,3.1610,0.0267,4.6047,-3.7247,52.2009,48.4000,3.8009
20_M_1117G,cv,apex+atlas,atlas,3.1610,0.0267,2.2371,-1.7037,50.1990,48.4000,1.7990
20_M_1117G,cv,apex+atlas,coarse+atlas,3.1610,0.0267,3.2303,-2.4036,50.8845,48.4000,2.4845
20_M_1117G,cv,apex+atlas,mean3,3.1610,0.0267,3.6836,-2.8440,51.3227,48.4000,2.9227
20_M_1117G,cv,apex+atlas,fine+atlas,3.1610,0.0267,3.4182,-2.7142,51.1963,48.4000,2.7963
20_M_1117G,cv,mean4,coarse,3.4117,0.3173,4.2255,-3.1034,51.8733,48.4000,3.4733
20_M_1117G,cv,mean4,fine,3.4117,0.3173,4.6047,-3.7247,52.4930,48.4000,4.0930
20_M_1117G,cv,mean4,atlas,3.4117,0.3173,2.2371,-1.7037,50.4758,48.4000,2.0758
20_M_1117G,cv,mean4,coarse+atlas,3.4117,0.3173,3.2303,-2.4036,51.1700,48.4000,2.7700
20_M_1117G,cv,mean4,mean3,3.4117,0.3173,3.6836,-2.8440,51.6105,48.4000,3.2105
20_M_1117G,cv,mean4,fine+atlas,3.4117,0.3173,3.4182,-2.7142,51.4809,48.4000,3.0809
20_M_1559G,cv,coarse,coarse,3.2663,-1.2184,3.0849,3.0819,52.4264,56.7000,-4.2736
20_M_1559G,cv,coarse,fine,3.2663,-1.2184,4.2207,4.0052,51.5083,56.7000,-5.1917
20_M_1559G,cv,coarse,atlas,3.2663,-1.2184,1.1338,-1.0973,56.6033,56.7000,-0.0967
20_M_1559G,cv,coarse,coarse+atlas,3.2663,-1.2184,1.0032,0.9923,54.5146,56.7000,-2.1854
20_M_1559G,cv,coarse,mean3,3.2663,-1.2184,2.0565,1.9966,53.5090,56.7000,-3.1910
20_M_1559G,cv,coarse,fine+atlas,3.2663,-1.2184,1.6513,1.4540,54.0528,56.7000,-2.6472
20_M_1559G,cv,fine,coarse,3.3607,-1.1277,3.0849,3.0819,52.5170,56.7000,-4.1830
20_M_1559G,cv,fine,fine,3.3607,-1.1277,4.2207,4.0052,51.5991,56.7000,-5.1009
20_M_1559G,cv,fine,atlas,3.3607,-1.1277,1.1338,-1.0973,56.6939,56.7000,-0.0061
20_M_1559G,cv,fine,coarse+atlas,3.3607,-1.1277,1.0032,0.9923,54.6052,56.7000,-2.0948
20_M_1559G,cv,fine,mean3,3.3607,-1.1277,2.0565,1.9966,53.5997,56.7000,-3.1003
20_M_1559G,cv,fine,fine+atlas,3.3607,-1.1277,1.6513,1.4540,54.1435,56.7000,-2.5565
20_M_1559G,cv,atlas,coarse,1.7929,-0.8861,3.0849,3.0819,52.7660,56.7000,-3.9340
20_M_1559G,cv,atlas,fine,1.7929,-0.8861,4.2207,4.0052,51.8910,56.7000,-4.8090
20_M_1559G,cv,atlas,atlas,1.7929,-0.8861,1.1338,-1.0973,56.9512,56.7000,0.2512
20_M_1559G,cv,atlas,coarse+atlas,1.7929,-0.8861,1.0032,0.9923,54.8585,56.7000,-1.8415
20_M_1559G,cv,atlas,mean3,1.7929,-0.8861,2.0565,1.9966,53.8654,56.7000,-2.8346
20_M_1559G,cv,atlas,fine+atlas,1.7929,-0.8861,1.6513,1.4540,54.4173,56.7000,-2.2827
20_M_1559G,cv,apex,coarse,2.1050,-0.6977,3.0849,3.0819,52.9672,56.7000,-3.7328
20_M_1559G,cv,apex,fine,2.1050,-0.6977,4.2207,4.0052,52.1069,56.7000,-4.5931
20_M_1559G,cv,apex,atlas,2.1050,-0.6977,1.1338,-1.0973,57.1545,56.7000,0.4545
20_M_1559G,cv,apex,coarse+atlas,2.1050,-0.6977,1.0032,0.9923,55.0608,56.7000,-1.6392
20_M_1559G,cv,apex,mean3,2.1050,-0.6977,2.0565,1.9966,54.0721,56.7000,-2.6279
20_M_1559G,cv,apex,fine+atlas,2.1050,-0.6977,1.6513,1.4540,54.6266,56.7000,-2.0734
20_M_1559G,cv,apex+atlas,coarse,1.9349,-0.7919,3.0849,3.0819,52.8660,56.7000,-3.8340
20_M_1559G,cv,apex+atlas,fine,1.9349,-0.7919,4.2207,4.0052,51.9983,56.7000,-4.7017
20_M_1559G,cv,apex+atlas,atlas,1.9349,-0.7919,1.1338,-1.0973,57.0523,56.7000,0.3523
20_M_1559G,cv,apex+atlas,coarse+atlas,1.9349,-0.7919,1.0032,0.9923,54.9590,56.7000,-1.7410
20_M_1559G,cv,apex+atlas,mean3,1.9349,-0.7919,2.0565,1.9966,53.9681,56.7000,-2.7319
20_M_1559G,cv,apex+atlas,fine+atlas,1.9349,-0.7919,1.6513,1.4540,54.5213,56.7000,-2.1787
20_M_1559G,cv,mean4,coarse,2.3480,-0.9825,3.0849,3.0819,52.6610,56.7000,-4.0390
20_M_1559G,cv,mean4,fine,2.3480,-0.9825,4.2207,4.0052,51.7682,56.7000,-4.9318
20_M_1559G,cv,mean4,atlas,2.3480,-0.9825,1.1338,-1.0973,56.8432,56.7000,0.1432
20_M_1559G,cv,mean4,coarse+atlas,2.3480,-0.9825,1.0032,0.9923,54.7519,56.7000,-1.9481
20_M_1559G,cv,mean4,mean3,2.3480,-0.9825,2.0565,1.9966,53.7536,56.7000,-2.9464
20_M_1559G,cv,mean4,fine+atlas,2.3480,-0.9825,1.6513,1.4540,54.3022,56.7000,-2.3978
20_M_1573G,cv,coarse,coarse,0.6122,-0.1014,4.1096,-4.0913,52.1794,48.2000,3.9794
20_M_1573G,cv,coarse,fine,0.6122,-0.1014,3.7431,-3.7104,51.7974,48.2000,3.5974
20_M_1573G,cv,coarse,atlas,0.6122,-0.1014,4.4113,-4.3727,52.4644,48.2000,4.2644
20_M_1573G,cv,coarse,coarse+atlas,0.6122,-0.1014,4.2582,-4.2320,52.3217,48.2000,4.1217
20_M_1573G,cv,coarse,mean3,0.6122,-0.1014,4.0830,-4.0582,52.1468,48.2000,3.9468
20_M_1573G,cv,coarse,fine+atlas,0.6122,-0.1014,4.0701,-4.0416,52.1305,48.2000,3.9305
20_M_1573G,cv,fine,coarse,0.6600,-0.4339,4.1096,-4.0913,51.8478,48.2000,3.6478
20_M_1573G,cv,fine,fine,0.6600,-0.4339,3.7431,-3.7104,51.4655,48.2000,3.2655
20_M_1573G,cv,fine,atlas,0.6600,-0.4339,4.4113,-4.3727,52.1333,48.2000,3.9333
20_M_1573G,cv,fine,coarse+atlas,0.6600,-0.4339,4.2582,-4.2320,51.9904,48.2000,3.7904
20_M_1573G,cv,fine,mean3,0.6600,-0.4339,4.0830,-4.0582,51.8153,48.2000,3.6153
20_M_1573G,cv,fine,fine+atlas,0.6600,-0.4339,4.0701,-4.0416,51.7990,48.2000,3.5990
20_M_1573G,cv,atlas,coarse,1.1534,-0.0973,4.1096,-4.0913,52.1816,48.2000,3.9816
20_M_1573G,cv,atlas,fine,1.1534,-0.0973,3.7431,-3.7104,51.8015,48.2000,3.6015
20_M_1573G,cv,atlas,atlas,1.1534,-0.0973,4.4113,-4.3727,52.4623,48.2000,4.2623
20_M_1573G,cv,atlas,coarse+atlas,1.1534,-0.0973,4.2582,-4.2320,52.3217,48.2000,4.1217
20_M_1573G,cv,atlas,mean3,1.1534,-0.0973,4.0830,-4.0582,52.1482,48.2000,3.9482
20_M_1573G,cv,atlas,fine+atlas,1.1534,-0.0973,4.0701,-4.0416,52.1315,48.2000,3.9315
20_M_1573G,cv,apex,coarse,1.6716,-0.2101,4.1096,-4.0913,52.0719,48.2000,3.8719
20_M_1573G,cv,apex,fine,1.6716,-0.2101,3.7431,-3.7104,51.6929,48.2000,3.4929
20_M_1573G,cv,apex,atlas,1.6716,-0.2101,4.4113,-4.3727,52.3505,48.2000,4.1505
20_M_1573G,cv,apex,coarse+atlas,1.6716,-0.2101,4.2582,-4.2320,52.2110,48.2000,4.0110
20_M_1573G,cv,apex,mean3,1.6716,-0.2101,4.0830,-4.0582,52.0381,48.2000,3.8381
20_M_1573G,cv,apex,fine+atlas,1.6716,-0.2101,4.0701,-4.0416,52.0213,48.2000,3.8213
20_M_1573G,cv,apex+atlas,coarse,1.4104,-0.1537,4.1096,-4.0913,52.1264,48.2000,3.9264
20_M_1573G,cv,apex+atlas,fine,1.4104,-0.1537,3.7431,-3.7104,51.7469,48.2000,3.5469
20_M_1573G,cv,apex+atlas,atlas,1.4104,-0.1537,4.4113,-4.3727,52.4061,48.2000,4.2061
20_M_1573G,cv,apex+atlas,coarse+atlas,1.4104,-0.1537,4.2582,-4.2320,52.2660,48.2000,4.0660
20_M_1573G,cv,apex+atlas,mean3,1.4104,-0.1537,4.0830,-4.0582,52.0928,48.2000,3.8928
20_M_1573G,cv,apex+atlas,fine+atlas,1.4104,-0.1537,4.0701,-4.0416,52.0760,48.2000,3.8760
20_M_1573G,cv,mean4,coarse,0.8744,-0.2107,4.1096,-4.0913,52.0676,48.2000,3.8676
20_M_1573G,cv,mean4,fine,0.8744,-0.2107,3.7431,-3.7104,51.6867,48.2000,3.4867
20_M_1573G,cv,mean4,atlas,0.8744,-0.2107,4.4113,-4.3727,52.3501,48.2000,4.1501
20_M_1573G,cv,mean4,coarse+atlas,0.8744,-0.2107,4.2582,-4.2320,52.2086,48.2000,4.0086
20_M_1573G,cv,mean4,mean3,0.8744,-0.2107,4.0830,-4.0582,52.0345,48.2000,3.8345
20_M_1573G,cv,mean4,fine+atlas,0.8744,-0.2107,4.0701,-4.0416,52.0179,48.2000,3.8179
